<?xml version="1.0" encoding="UTF-8"?>
<!-- Copyright ETS-Soft -->
<slides><slide obj="MLS_Slide" id_slide="28" image="sl1.jpg" repeat_x="0" repeat_y="0" sort_order="1" backgroud_color="#f5f5f5" custom_class="" enabled="1" animation_in="fadeIn" animation_out="fadeOut" title="1" link_img="/probusiness17/modules/ets_multilayerslider/views/img/upload/sl1.jpg" max_layer_in="3500" max_layer_out="2500"><layers><layer obj="MLS_Layer" id_slide="28" layer_type="text" font_size="18.00" text_color="#222222" custom_class="" background_color="#F3F3F3" background_opacity="1.00" font_family="" font_weight="normal" text_decoration="none" text_transform="none" padding="5px 10px" box_radius="20" top="183.47" left="125.99" right="0.00" top_right="0.00" animation_in="slideInCrossLeftTop" animation_out="slideOutCrossRightTop" width="" height="" sort_order="1" move_in="1500" move_out="1000" stand_duration="0" start_delay="0" image="" content_layer="Premium Prestashop Theme" link="" link_image="/probusiness17/modules/ets_multilayerslider/views/img/upload/"/><layer obj="MLS_Layer" id_slide="28" layer_type="text" font_size="36.00" text_color="#222222" custom_class="" background_color="#F3F3F3" background_opacity="1.00" font_family="" font_weight="bold" text_decoration="none" text_transform="uppercase" padding="5px 10px" box_radius="20" top="218.51" left="121.03" right="0.00" top_right="0.00" animation_in="slideInLeft" animation_out="slideOutRight" width="" height="" sort_order="2" move_in="1000" move_out="1000" stand_duration="1000" start_delay="900" image="" content_layer="PRO" link="" link_image="/probusiness17/modules/ets_multilayerslider/views/img/upload/"/><layer obj="MLS_Layer" id_slide="28" layer_type="text" font_size="36.00" text_color="#222222" custom_class="main_color" background_color="#F3F3F3" background_opacity="1.00" font_family="" font_weight="bold" text_decoration="none" text_transform="uppercase" padding="5px 10px" box_radius="20" top="218.53" left="207.21" right="0.00" top_right="0.00" animation_in="fadeIn" animation_out="slideOutRight" width="" height="" sort_order="3" move_in="1000" move_out="1000" stand_duration="1000" start_delay="1600" image="" content_layer="BUSINESS" link="" link_image="/probusiness17/modules/ets_multilayerslider/views/img/upload/"/><layer obj="MLS_Layer" id_slide="28" layer_type="button" font_size="14.00" text_color="#ffffff" custom_class="" background_color="#5e5e5e" background_opacity="1.00" font_family="" font_weight="normal" text_decoration="none" text_transform="uppercase" padding="12px 20px" box_radius="20" top="270.10" left="122.68" right="0.00" top_right="0.00" animation_in="slideInCrossLeftBottom" animation_out="slideOutCrossRightBottom" width="" height="" sort_order="4" move_in="1500" move_out="1000" stand_duration="1500" start_delay="2000" image="" content_layer="Purchase now" link="#" link_image="/probusiness17/modules/ets_multilayerslider/views/img/upload/"/></layers></slide><slide obj="MLS_Slide" id_slide="29" image="sl12.jpg" repeat_x="0" repeat_y="0" sort_order="2" backgroud_color="#f5f5f5" custom_class="" enabled="1" animation_in="fadeIn" animation_out="fadeOut" title="1-2" link_img="/probusiness17/modules/ets_multilayerslider/views/img/upload/sl12.jpg" max_layer_in="1400" max_layer_out="1500"><layers><layer obj="MLS_Layer" id_slide="29" layer_type="text" font_size="18.00" text_color="#222222" custom_class="" background_color="#F3F3F3" background_opacity="1.00" font_family="" font_weight="normal" text_decoration="none" text_transform="none" padding="5px 10px" box_radius="20" top="142.77" left="112.79" right="0.00" top_right="0.00" animation_in="slideInDown" animation_out="fadeOut" width="" height="" sort_order="1" move_in="1000" move_out="1000" stand_duration="0" start_delay="0" image="" content_layer="Big sale! Up to 20% off" link="" link_image="/probusiness17/modules/ets_multilayerslider/views/img/upload/"/><layer obj="MLS_Layer" id_slide="29" layer_type="text" font_size="36.00" text_color="#222222" custom_class="main_color" background_color="#F3F3F3" background_opacity="1.00" font_family="" font_weight="bold" text_decoration="none" text_transform="uppercase" padding="5px 10px" box_radius="20" top="178.90" left="111.13" right="0.00" top_right="0.00" animation_in="slideInLeft" animation_out="fadeOut" width="" height="" sort_order="2" move_in="1000" move_out="1000" stand_duration="300" start_delay="0" image="" content_layer="Electronics" link="" link_image="/probusiness17/modules/ets_multilayerslider/views/img/upload/"/><layer obj="MLS_Layer" id_slide="29" layer_type="button" font_size="14.00" text_color="#ffffff" custom_class="" background_color="#5e5e5e" background_opacity="1.00" font_family="" font_weight="normal" text_decoration="none" text_transform="uppercase" padding="12px 20px" box_radius="20" top="231.39" left="111.05" right="0.00" top_right="0.00" animation_in="slideInUp" animation_out="fadeOut" width="" height="" sort_order="3" move_in="1000" move_out="1000" stand_duration="500" start_delay="400" image="" content_layer="purchase now" link="#" link_image="/probusiness17/modules/ets_multilayerslider/views/img/upload/"/></layers></slide><slide obj="MLS_Slide" id_slide="30" image="sl13.jpg" repeat_x="0" repeat_y="0" sort_order="3" backgroud_color="#f5f5f5" custom_class="" enabled="1" animation_in="fadeIn" animation_out="fadeOut" title="1-3" link_img="/probusiness17/modules/ets_multilayerslider/views/img/upload/sl13.jpg" max_layer_in="2200" max_layer_out="2200"><layers><layer obj="MLS_Layer" id_slide="30" layer_type="text" font_size="18.00" text_color="#222222" custom_class="" background_color="#F3F3F3" background_opacity="1.00" font_family="" font_weight="normal" text_decoration="none" text_transform="none" padding="5px 10px" box_radius="20" top="147.47" left="117.72" right="0.00" top_right="0.00" animation_in="zoomIn" animation_out="zoomOut" width="" height="" sort_order="1" move_in="1000" move_out="1000" stand_duration="0" start_delay="0" image="" content_layer="Big sale! Up to 20% off" link="" link_image="/probusiness17/modules/ets_multilayerslider/views/img/upload/"/><layer obj="MLS_Layer" id_slide="30" layer_type="text" font_size="36.00" text_color="#222222" custom_class="" background_color="#F3F3F3" background_opacity="1.00" font_family="" font_weight="bold" text_decoration="none" text_transform="uppercase" padding="5px 10px" box_radius="20" top="182.19" left="114.42" right="0.00" top_right="0.00" animation_in="zoomIn" animation_out="zoomOut" width="" height="" sort_order="2" move_in="1000" move_out="1000" stand_duration="600" start_delay="600" image="" content_layer="Fashion" link="" link_image="/probusiness17/modules/ets_multilayerslider/views/img/upload/"/><layer obj="MLS_Layer" id_slide="30" layer_type="text" font_size="36.00" text_color="#222222" custom_class="main_color" background_color="#F3F3F3" background_opacity="1.00" font_family="" font_weight="bold" text_decoration="none" text_transform="uppercase" padding="5px 10px" box_radius="20" top="182.15" left="282.97" right="0.00" top_right="0.00" animation_in="zoomIn" animation_out="zoomOut" width="" height="" sort_order="3" move_in="1000" move_out="1000" stand_duration="600" start_delay="600" image="" content_layer="Store" link="" link_image="/probusiness17/modules/ets_multilayerslider/views/img/upload/"/><layer obj="MLS_Layer" id_slide="30" layer_type="button" font_size="14.00" text_color="#ffffff" custom_class="" background_color="#5e5e5e" background_opacity="1.00" font_family="" font_weight="normal" text_decoration="none" text_transform="uppercase" padding="12px 20px" box_radius="20" top="231.74" left="111.12" right="0.00" top_right="0.00" animation_in="zoomIn" animation_out="zoomOut" width="" height="" sort_order="4" move_in="1000" move_out="1000" stand_duration="1200" start_delay="1200" image="" content_layer="purchase now" link="#" link_image="/probusiness17/modules/ets_multilayerslider/views/img/upload/"/></layers></slide><slide obj="MLS_Slide" id_slide="31" image="a9808401ae-sl2.jpg" repeat_x="0" repeat_y="0" sort_order="4" backgroud_color="#f5f5f5" custom_class="" enabled="1" animation_in="fadeIn" animation_out="fadeOut" title="2" link_img="/probusiness17/modules/ets_multilayerslider/views/img/upload/a9808401ae-sl2.jpg" max_layer_in="2500" max_layer_out="2200"><layers><layer obj="MLS_Layer" id_slide="31" layer_type="text" font_size="18.00" text_color="#222222" custom_class="" background_color="#F3F3F3" background_opacity="1.00" font_family="" font_weight="normal" text_decoration="none" text_transform="none" padding="5px 10px" box_radius="20" top="150.80" left="524.27" right="0.00" top_right="0.00" animation_in="rollIn" animation_out="rollOut" width="" height="" sort_order="1" move_in="1000" move_out="1000" stand_duration="0" start_delay="0" image="" content_layer="Premium Prestashop Theme" link="" link_image="/probusiness17/modules/ets_multilayerslider/views/img/upload/"/><layer obj="MLS_Layer" id_slide="31" layer_type="text" font_size="36.00" text_color="#222222" custom_class="" background_color="#F3F3F3" background_opacity="1.00" font_family="" font_weight="bold" text_decoration="none" text_transform="uppercase" padding="5px 10px" box_radius="20" top="188.81" left="461.47" right="0.00" top_right="0.00" animation_in="rollIn" animation_out="rollOut" width="" height="" sort_order="2" move_in="1000" move_out="1000" stand_duration="600" start_delay="600" image="" content_layer="pro" link="" link_image="/probusiness17/modules/ets_multilayerslider/views/img/upload/"/><layer obj="MLS_Layer" id_slide="31" layer_type="text" font_size="36.00" text_color="#222222" custom_class="main_color" background_color="#F3F3F3" background_opacity="1.00" font_family="" font_weight="bold" text_decoration="none" text_transform="uppercase" padding="5px 10px" box_radius="20" top="188.79" left="550.70" right="0.00" top_right="0.00" animation_in="rollIn" animation_out="rollOut" width="" height="" sort_order="3" move_in="1000" move_out="1000" stand_duration="600" start_delay="1000" image="" content_layer="BUSINESs theme" link="" link_image="/probusiness17/modules/ets_multilayerslider/views/img/upload/"/><layer obj="MLS_Layer" id_slide="31" layer_type="button" font_size="14.00" text_color="#ffffff" custom_class="" background_color="#5e5e5e" background_opacity="1.00" font_family="" font_weight="normal" text_decoration="none" text_transform="uppercase" padding="10px 20px" box_radius="20" top="245.00" left="565.59" right="0.00" top_right="0.00" animation_in="zoomInFlipHoriz" animation_out="rollOut" width="" height="" sort_order="4" move_in="1000" move_out="1000" stand_duration="1200" start_delay="1500" image="" content_layer="Purchase now" link="#" link_image="/probusiness17/modules/ets_multilayerslider/views/img/upload/"/></layers></slide><slide obj="MLS_Slide" id_slide="32" image="24273d41d7-sl2-2.jpg" repeat_x="0" repeat_y="0" sort_order="5" backgroud_color="#f5f5f5" custom_class="" enabled="1" animation_in="fadeIn" animation_out="fadeOut" title="2-2" link_img="/probusiness17/modules/ets_multilayerslider/views/img/upload/24273d41d7-sl2-2.jpg" max_layer_in="3000" max_layer_out="3000"><layers><layer obj="MLS_Layer" id_slide="32" layer_type="text" font_size="18.00" text_color="#222222" custom_class="" background_color="#F3F3F3" background_opacity="1.00" font_family="" font_weight="normal" text_decoration="none" text_transform="none" padding="5px 10px" box_radius="20" top="160.72" left="119.40" right="0.00" top_right="0.00" animation_in="zoomIn" animation_out="fadeOut" width="" height="" sort_order="1" move_in="1000" move_out="1000" stand_duration="0" start_delay="0" image="" content_layer="Big sale! Up to 20% off" link="" link_image="/probusiness17/modules/ets_multilayerslider/views/img/upload/"/><layer obj="MLS_Layer" id_slide="32" layer_type="text" font_size="36.00" text_color="#222222" custom_class="main_color" background_color="#F3F3F3" background_opacity="1.00" font_family="" font_weight="bold" text_decoration="none" text_transform="uppercase" padding="5px 10px" box_radius="20" top="198.69" left="249.96" right="0.00" top_right="0.00" animation_in="zoomInDown" animation_out="zoomOutDown" width="" height="" sort_order="2" move_in="1500" move_out="1000" stand_duration="600" start_delay="600" image="" content_layer="Electronics" link="" link_image="/probusiness17/modules/ets_multilayerslider/views/img/upload/"/><layer obj="MLS_Layer" id_slide="32" layer_type="text" font_size="36.00" text_color="#222222" custom_class="" background_color="#F3F3F3" background_opacity="1.00" font_family="" font_weight="bold" text_decoration="none" text_transform="uppercase" padding="5px 10px" box_radius="20" top="198.69" left="119.37" right="0.00" top_right="0.00" animation_in="zoomInDown" animation_out="zoomOutDown" width="" height="" sort_order="3" move_in="1500" move_out="1000" stand_duration="600" start_delay="600" image="" content_layer="store" link="" link_image="/probusiness17/modules/ets_multilayerslider/views/img/upload/"/><layer obj="MLS_Layer" id_slide="32" layer_type="button" font_size="14.00" text_color="#ffffff" custom_class="" background_color="#5e5e5e" background_opacity="1.00" font_family="" font_weight="normal" text_decoration="none" text_transform="uppercase" padding="10px 20px" box_radius="20" top="251.59" left="117.75" right="0.00" top_right="0.00" animation_in="rotateZInLeft" animation_out="rotateZOutLeft" width="" height="" sort_order="4" move_in="1200" move_out="1200" stand_duration="1800" start_delay="1800" image="" content_layer="purchase now" link="#" link_image="/probusiness17/modules/ets_multilayerslider/views/img/upload/"/></layers></slide><slide obj="MLS_Slide" id_slide="33" image="a6fb7085a9-sl2-3.jpg" repeat_x="0" repeat_y="0" sort_order="6" backgroud_color="#f5f5f5" custom_class="" enabled="1" animation_in="fadeIn" animation_out="fadeOut" title="2-3" link_img="/probusiness17/modules/ets_multilayerslider/views/img/upload/a6fb7085a9-sl2-3.jpg" max_layer_in="2700" max_layer_out="2000"><layers><layer obj="MLS_Layer" id_slide="33" layer_type="text" font_size="18.00" text_color="#222222" custom_class="" background_color="#F3F3F3" background_opacity="1.00" font_family="" font_weight="normal" text_decoration="none" text_transform="none" padding="5px 10px" box_radius="20" top="149.13" left="68.14" right="0.00" top_right="0.00" animation_in="zoomInFlipHoriz" animation_out="zoomOutFlipHoriz" width="" height="" sort_order="1" move_in="1500" move_out="1000" stand_duration="0" start_delay="0" image="" content_layer="Big sale! Up to 20% off" link="" link_image="/probusiness17/modules/ets_multilayerslider/views/img/upload/"/><layer obj="MLS_Layer" id_slide="33" layer_type="text" font_size="36.00" text_color="#222222" custom_class="main_color" background_color="#F3F3F3" background_opacity="1.00" font_family="" font_weight="bold" text_decoration="none" text_transform="uppercase" padding="5px 10px" box_radius="20" top="183.84" left="66.51" right="0.00" top_right="0.00" animation_in="zoomInFlipVert" animation_out="zoomOutFlipVert" width="" height="" sort_order="2" move_in="1500" move_out="1000" stand_duration="400" start_delay="800" image="" content_layer="Funiture" link="" link_image="/probusiness17/modules/ets_multilayerslider/views/img/upload/"/><layer obj="MLS_Layer" id_slide="33" layer_type="text" font_size="36.00" text_color="#222222" custom_class="" background_color="#F3F3F3" background_opacity="1.00" font_family="" font_weight="bold" text_decoration="none" text_transform="uppercase" padding="5px 10px" box_radius="20" top="183.84" left="259.84" right="0.00" top_right="0.00" animation_in="zoomInFlipVert" animation_out="zoomOutFlipVert" width="" height="" sort_order="3" move_in="1500" move_out="1500" stand_duration="500" start_delay="800" image="" content_layer="Store" link="" link_image="/probusiness17/modules/ets_multilayerslider/views/img/upload/"/><layer obj="MLS_Layer" id_slide="33" layer_type="button" font_size="14.00" text_color="#ffffff" custom_class="" background_color="#5e5e5e" background_opacity="1.00" font_family="" font_weight="normal" text_decoration="none" text_transform="uppercase" padding="12px 20px" box_radius="20" top="231.76" left="68.16" right="0.00" top_right="0.00" animation_in="flipInX" animation_out="flipOutX" width="" height="" sort_order="4" move_in="1200" move_out="1000" stand_duration="1000" start_delay="1500" image="" content_layer="Purchase now" link="#" link_image="/probusiness17/modules/ets_multilayerslider/views/img/upload/"/></layers></slide><slide obj="MLS_Slide" id_slide="34" image="665aac1ad6-sl3.jpg" repeat_x="0" repeat_y="0" sort_order="7" backgroud_color="#f5f5f5" custom_class="" enabled="1" animation_in="fadeIn" animation_out="fadeOut" title="3" link_img="/probusiness17/modules/ets_multilayerslider/views/img/upload/665aac1ad6-sl3.jpg" max_layer_in="2500" max_layer_out="2500"><layers><layer obj="MLS_Layer" id_slide="34" layer_type="text" font_size="18.00" text_color="#222222" custom_class="" background_color="#F3F3F3" background_opacity="1.00" font_family="" font_weight="normal" text_decoration="none" text_transform="none" padding="5px 10px" box_radius="20" top="155.72" left="816.77" right="0.00" top_right="0.00" animation_in="bounceIn" animation_out="zoomOut" width="" height="" sort_order="1" move_in="1000" move_out="1000" stand_duration="0" start_delay="0" image="" content_layer="Premium Prestashop Theme" link="" link_image="/probusiness17/modules/ets_multilayerslider/views/img/upload/"/><layer obj="MLS_Layer" id_slide="34" layer_type="text" font_size="36.00" text_color="#222222" custom_class="" background_color="#F3F3F3" background_opacity="1.00" font_family="" font_weight="bold" text_decoration="none" text_transform="uppercase" padding="5px 10px" box_radius="20" top="187.09" left="729.14" right="0.00" top_right="0.00" animation_in="rotateInDownLeft" animation_out="rotateOutUpLeft" width="" height="" sort_order="2" move_in="1000" move_out="1000" stand_duration="1000" start_delay="1000" image="" content_layer="Online" link="" link_image="/probusiness17/modules/ets_multilayerslider/views/img/upload/"/><layer obj="MLS_Layer" id_slide="34" layer_type="text" font_size="36.00" text_color="#222222" custom_class="main_color" background_color="#F3F3F3" background_opacity="1.00" font_family="" font_weight="bold" text_decoration="none" text_transform="uppercase" padding="5px 10px" box_radius="20" top="187.09" left="876.23" right="0.00" top_right="0.00" animation_in="rotateInDownLeft" animation_out="rotateOutUpLeft" width="" height="" sort_order="3" move_in="1000" move_out="1000" stand_duration="1000" start_delay="1000" image="" content_layer="fashion store" link="" link_image="/probusiness17/modules/ets_multilayerslider/views/img/upload/"/><layer obj="MLS_Layer" id_slide="34" layer_type="button" font_size="14.00" text_color="#ffffff" custom_class="" background_color="#5e5e5e" background_opacity="1.00" font_family="" font_weight="normal" text_decoration="none" text_transform="uppercase" padding="12px 20px" box_radius="20" top="240.03" left="871.38" right="0.00" top_right="0.00" animation_in="zoomIn" animation_out="fadeOut" width="" height="" sort_order="4" move_in="1000" move_out="1000" stand_duration="1500" start_delay="1500" image="" content_layer="Purchase now" link="#" link_image="/probusiness17/modules/ets_multilayerslider/views/img/upload/"/></layers></slide><slide obj="MLS_Slide" id_slide="35" image="a3551d5de3-sl3-2.jpg" repeat_x="0" repeat_y="0" sort_order="8" backgroud_color="#f5f5f5" custom_class="" enabled="1" animation_in="fadeIn" animation_out="fadeOut" title="3-2" link_img="/probusiness17/modules/ets_multilayerslider/views/img/upload/a3551d5de3-sl3-2.jpg" max_layer_in="2000" max_layer_out="2000"><layers><layer obj="MLS_Layer" id_slide="35" layer_type="text" font_size="18.00" text_color="#222222" custom_class="" background_color="#F3F3F3" background_opacity="1.00" font_family="" font_weight="normal" text_decoration="none" text_transform="none" padding="5px 10px" box_radius="20" top="160.66" left="869.61" right="0.00" top_right="0.00" animation_in="slideInUp" animation_out="zoomOut" width="" height="" sort_order="1" move_in="1000" move_out="1000" stand_duration="0" start_delay="0" image="" content_layer="Premium Prestashop Theme" link="" link_image="/probusiness17/modules/ets_multilayerslider/views/img/upload/"/><layer obj="MLS_Layer" id_slide="35" layer_type="text" font_size="36.00" text_color="#222222" custom_class="" background_color="#F3F3F3" background_opacity="1.00" font_family="" font_weight="bold" text_decoration="none" text_transform="uppercase" padding="5px 10px" box_radius="20" top="198.68" left="796.91" right="0.00" top_right="0.00" animation_in="fadeInUp" animation_out="fadeOut" width="" height="" sort_order="2" move_in="1000" move_out="1000" stand_duration="500" start_delay="500" image="" content_layer="PRO" link="" link_image="/probusiness17/modules/ets_multilayerslider/views/img/upload/"/><layer obj="MLS_Layer" id_slide="35" layer_type="text" font_size="36.00" text_color="#222222" custom_class="main_color" background_color="#F3F3F3" background_opacity="1.00" font_family="" font_weight="bold" text_decoration="none" text_transform="uppercase" padding="5px 10px" box_radius="20" top="198.67" left="887.79" right="0.00" top_right="0.00" animation_in="fadeInUp" animation_out="fadeOut" width="" height="" sort_order="3" move_in="1000" move_out="1000" stand_duration="500" start_delay="500" image="" content_layer="Business Theme" link="" link_image="/probusiness17/modules/ets_multilayerslider/views/img/upload/"/><layer obj="MLS_Layer" id_slide="35" layer_type="button" font_size="14.00" text_color="#ffffff" custom_class="" background_color="#5e5e5e" background_opacity="1.00" font_family="" font_weight="normal" text_decoration="none" text_transform="uppercase" padding="12px 20px" box_radius="20" top="251.52" left="910.91" right="0.00" top_right="0.00" animation_in="fadeInUp" animation_out="flipOutX" width="" height="" sort_order="4" move_in="1000" move_out="1000" stand_duration="1000" start_delay="1000" image="" content_layer="Purchase now" link="#" link_image="/probusiness17/modules/ets_multilayerslider/views/img/upload/"/></layers></slide><slide obj="MLS_Slide" id_slide="36" image="35026835f4-sl3-3.jpg" repeat_x="0" repeat_y="0" sort_order="9" backgroud_color="#f5f5f5" custom_class="" enabled="1" animation_in="fadeIn" animation_out="fadeOut" title="3-3" link_img="/probusiness17/modules/ets_multilayerslider/views/img/upload/35026835f4-sl3-3.jpg" max_layer_in="3000" max_layer_out="2000"><layers><layer obj="MLS_Layer" id_slide="36" layer_type="text" font_size="18.00" text_color="#222222" custom_class="" background_color="#F3F3F3" background_opacity="1.00" font_family="" font_weight="normal" text_decoration="none" text_transform="none" padding="5px 10px" box_radius="20" top="130.96" left="378.47" right="0.00" top_right="0.00" animation_in="slideInDown" animation_out="fadeOutDown" width="" height="" sort_order="1" move_in="1000" move_out="1000" stand_duration="0" start_delay="0" image="" content_layer="Big sale! Up to 20% off" link="" link_image="/probusiness17/modules/ets_multilayerslider/views/img/upload/"/><layer obj="MLS_Layer" id_slide="36" layer_type="text" font_size="36.00" text_color="#222222" custom_class="main_color" background_color="#F3F3F3" background_opacity="1.00" font_family="" font_weight="bold" text_decoration="none" text_transform="uppercase" padding="5px 10px" box_radius="20" top="170.58" left="504.39" right="0.00" top_right="0.00" animation_in="rotateZoomIn" animation_out="zoomOut" width="" height="" sort_order="2" move_in="1000" move_out="1000" stand_duration="600" start_delay="600" image="" content_layer="Funiture" link="" link_image="/probusiness17/modules/ets_multilayerslider/views/img/upload/"/><layer obj="MLS_Layer" id_slide="36" layer_type="text" font_size="36.00" text_color="#222222" custom_class="" background_color="#F3F3F3" background_opacity="1.00" font_family="" font_weight="bold" text_decoration="none" text_transform="uppercase" padding="5px 10px" box_radius="20" top="170.58" left="377.15" right="0.00" top_right="0.00" animation_in="rotateZoomIn" animation_out="zoomOut" width="" height="" sort_order="3" move_in="1000" move_out="1000" stand_duration="600" start_delay="600" image="" content_layer="Store" link="" link_image="/probusiness17/modules/ets_multilayerslider/views/img/upload/"/><layer obj="MLS_Layer" id_slide="36" layer_type="button" font_size="14.00" text_color="#ffffff" custom_class="" background_color="#5e5e5e" background_opacity="1.00" font_family="" font_weight="normal" text_decoration="none" text_transform="uppercase" padding="12px 20px" box_radius="20" top="226.78" left="377.17" right="0.00" top_right="0.00" animation_in="rotateIn" animation_out="rotateOut" width="" height="" sort_order="4" move_in="1000" move_out="1000" stand_duration="1000" start_delay="2000" image="" content_layer="Purchase now" link="#" link_image="/probusiness17/modules/ets_multilayerslider/views/img/upload/"/></layers></slide></slides>
