<?xml version="1.0" encoding="UTF-8" ?>
<module>
	<name>ukoocompat</name>
	<displayName><![CDATA[Compatibilidades]]></displayName>
	<version><![CDATA[4.5.0]]></version>
	<description><![CDATA[Donnez &agrave; vos clients la possibilit&eacute; de trouver vos produits compatibles avec le leur.]]></description>
	<author><![CDATA[Ukoo]]></author>
	<tab><![CDATA[front_office_features]]></tab>
	<confirmUninstall><![CDATA[Êtes-vous certain(e) de vouloir désinstaller ce module, ainsi que tous ses composants, données et informations ?]]></confirmUninstall>
	<is_configurable>0</is_configurable>
	<need_instance>0</need_instance>
	<limited_countries></limited_countries>
</module>