<?xml version="1.0" encoding="UTF-8" ?>
<module>
	<name>ukoocompat</name>
	<displayName><![CDATA[Search products by compatibility]]></displayName>
	<version><![CDATA[4.5.0]]></version>
	<description><![CDATA[Allow your customers to find your products compatible with their.]]></description>
	<author><![CDATA[Ukoo]]></author>
	<tab><![CDATA[front_office_features]]></tab>
	<confirmUninstall><![CDATA[Are you sure you want to delete your details?]]></confirmUninstall>
	<is_configurable>0</is_configurable>
	<need_instance>0</need_instance>
	<limited_countries></limited_countries>
</module>