<?xml version="1.0" encoding="UTF-8"?>
<!-- Copyright ETS-Soft -->
<menus><menu id_menu="22" sort_order="1" enabled="1" id_cms="0" id_manufacturer="0" id_category="0" link_type="HOME" sub_menu_type="FULL" sub_menu_max_width="20" custom_class="" bubble_text_color="#ffffff" bubble_background_color="#FC4444" title="Home" link="http://localhost/prestashop/probusiness/en" bubble_text="" menu_link="http://theme.yourbestcode.com/probusiness17/en/"><columns><column id_menu="22" is_breaker="0" column_size="12" sort_order="1"><blocks><block id_column="34" block_type="HTML" image="" sort_order="1" enabled="1" id_categories="" id_manufacturers="" id_products="" id_cmss="" display_title="0" title="home layout" title_link="" content="&lt;ul&gt;&lt;li&gt;&lt;a href=&quot;http://theme.yourbestcode.com/probusiness17/?YBC_TC_LAYOUT=layouthome1&amp;tc_init=1&quot;&gt;Home page 1&lt;/a&gt;&lt;/li&gt;&#13;&#10;&lt;li&gt;&lt;a href=&quot;http://theme.yourbestcode.com/probusiness/?YBC_TC_LAYOUT=layouthome2&amp;tc_init=1&quot;&gt;Home page 2&lt;/a&gt;&lt;/li&gt;&#13;&#10;&lt;li&gt;&lt;a href=&quot;http://theme.yourbestcode.com/probusiness/?YBC_TC_LAYOUT=layouthome3&amp;tc_init=1&quot;&gt;Home page 3&lt;/a&gt;&lt;/li&gt;&#13;&#10;&lt;/ul&gt;" image_link=""/></blocks></column></columns></menu><menu id_menu="23" sort_order="2" enabled="1" id_cms="0" id_manufacturer="0" id_category="3" link_type="CATEGORY" sub_menu_type="FULL" sub_menu_max_width="100" custom_class="" bubble_text_color="#ffffff" bubble_background_color="#FC4444" title="Fashion" link="" bubble_text="" menu_link="http://theme.yourbestcode.com/probusiness17/en/3-fashion"><columns><column id_menu="23" is_breaker="0" column_size="2" sort_order="1"><blocks><block id_column="35" block_type="CATEGORY" image="" sort_order="1" enabled="1" id_categories="5,6,7,9,10,11" id_manufacturers="" id_products="" id_cmss="" display_title="1" title="category" title_link="" content="" image_link=""/></blocks></column><column id_menu="23" is_breaker="0" column_size="2" sort_order="2"><blocks><block id_column="36" block_type="CMS" image="" sort_order="1" enabled="1" id_categories="" id_manufacturers="" id_products="" id_cmss="4,1,2,5,3" display_title="1" title="Cms page" title_link="" content="" image_link=""/></blocks></column><column id_menu="23" is_breaker="0" column_size="2" sort_order="3"><blocks><block id_column="37" block_type="CATEGORY" image="" sort_order="1" enabled="1" id_categories="3,4,5,6,7,8" id_manufacturers="" id_products="" id_cmss="" display_title="1" title="Category" title_link="" content="" image_link=""/></blocks></column><column id_menu="23" is_breaker="0" column_size="2" sort_order="4"><blocks><block id_column="38" block_type="CATEGORY" image="" sort_order="1" enabled="1" id_categories="5,6,7,8,9,10" id_manufacturers="" id_products="" id_cmss="" display_title="1" title="Category" title_link="" content="" image_link=""/></blocks></column><column id_menu="23" is_breaker="0" column_size="4" sort_order="5"><blocks><block id_column="39" block_type="PRODUCT" image="" sort_order="1" enabled="1" id_categories="" id_manufacturers="" id_products="1,7" id_cmss="" display_title="1" title="Products" title_link="" content="" image_link=""/></blocks></column></columns></menu><menu id_menu="24" sort_order="3" enabled="1" id_cms="0" id_manufacturer="0" id_category="6" link_type="CATEGORY" sub_menu_type="FULL" sub_menu_max_width="100" custom_class="" bubble_text_color="#ffffff" bubble_background_color="#FC4444" title="Electronics" link="#" bubble_text="" menu_link="http://theme.yourbestcode.com/probusiness17/en/6-electronics"><columns><column id_menu="24" is_breaker="0" column_size="2" sort_order="1"><blocks><block id_column="40" block_type="CATEGORY" image="" sort_order="1" enabled="1" id_categories="3,6,9,10,11" id_manufacturers="" id_products="" id_cmss="" display_title="1" title="Lorem ipsum" title_link="" content="" image_link=""/></blocks></column><column id_menu="24" is_breaker="0" column_size="2" sort_order="2"><blocks><block id_column="41" block_type="CATEGORY" image="" sort_order="1" enabled="1" id_categories="4,7,8,9,10" id_manufacturers="" id_products="" id_cmss="" display_title="1" title="Lorem ipsum" title_link="" content="" image_link=""/></blocks></column><column id_menu="24" is_breaker="0" column_size="2" sort_order="3"><blocks><block id_column="42" block_type="CATEGORY" image="" sort_order="1" enabled="1" id_categories="5,6,7,8,9" id_manufacturers="" id_products="" id_cmss="" display_title="1" title="Lorem ipsum" title_link="" content="" image_link=""/></blocks></column><column id_menu="24" is_breaker="0" column_size="2" sort_order="4"><blocks><block id_column="43" block_type="CATEGORY" image="" sort_order="1" enabled="1" id_categories="4,5,7,8,9" id_manufacturers="" id_products="" id_cmss="" display_title="1" title="Lorem ipsum" title_link="" content="" image_link=""/></blocks></column><column id_menu="24" is_breaker="0" column_size="4" sort_order="5"><blocks><block id_column="44" block_type="IMAGE" image="570929361d-aa.jpg" sort_order="1" enabled="1" id_categories="" id_manufacturers="" id_products="" id_cmss="" display_title="0" title="image" title_link="" content="" image_link=""/></blocks></column></columns></menu><menu id_menu="25" sort_order="4" enabled="1" id_cms="0" id_manufacturer="0" id_category="5" link_type="CATEGORY" sub_menu_type="FULL" sub_menu_max_width="100" custom_class="" bubble_text_color="#ffffff" bubble_background_color="#FC4444" title="Shoes and Bags" link="#" bubble_text="" menu_link="http://theme.yourbestcode.com/probusiness17/en/5-shoes-and-bags"><columns/></menu><menu id_menu="26" sort_order="5" enabled="1" id_cms="0" id_manufacturer="0" id_category="7" link_type="CATEGORY" sub_menu_type="FULL" sub_menu_max_width="100" custom_class="" bubble_text_color="#ffffff" bubble_background_color="#FC4444" title="Accesories" link="#" bubble_text="" menu_link="http://theme.yourbestcode.com/probusiness17/en/7-accessories"><columns/></menu><menu id_menu="27" sort_order="6" enabled="1" id_cms="0" id_manufacturer="0" id_category="11" link_type="CATEGORY" sub_menu_type="FULL" sub_menu_max_width="100" custom_class="" bubble_text_color="#ffffff" bubble_background_color="#FC4444" title="Watches" link="#" bubble_text="" menu_link="http://theme.yourbestcode.com/probusiness17/en/11-watches"><columns/></menu><menu id_menu="28" sort_order="7" enabled="1" id_cms="0" id_manufacturer="0" id_category="9" link_type="CATEGORY" sub_menu_type="FULL" sub_menu_max_width="100" custom_class="" bubble_text_color="#ffffff" bubble_background_color="#FC4444" title="Jewelry" link="#" bubble_text="" menu_link="http://theme.yourbestcode.com/probusiness17/en/9-jewelry"><columns/></menu></menus>
